BigNatural Storage: ,0,true
BigNatural Storage: ,4,true
BigNatural Storage: ,0,true
BigNatural Storage: ,0,true
BigNatural Storage: ,0,true
BigNatural Storage: ,0,true
BigNatural Storage: ,0,true
BigNatural Storage: ,0,true
BigNatural Storage: ,0,true
BigNatural Storage: ,0,true
BigNatural Addition: ,0,true
BigNatural Addition: ,0,true
BigNatural Addition: ,1,true
BigNatural Addition: ,0,true
BigNatural Addition: ,0,true
BigNatural Addition: ,0,true
BigNatural Addition: ,0,true
BigNatural Addition: ,0,true
BigNatural Addition: ,1,true
BigNatural Addition: ,0,true
BigNatural Subtraction: ,0,true
BigNatural Subtraction: ,0,true
BigNatural Subtraction: ,0,true
BigNatural Subtraction: ,0,true
BigNatural Subtraction: ,0,true
BigNatural Subtraction: ,3,true
BigNatural Subtraction: ,0,true
BigNatural Subtraction: ,0,true
BigNatural Subtraction: ,0,true
BigNatural Subtraction: ,0,true
BigNatural Multiplication: ,10,false
BigNatural Multiplication: ,8,false
BigNatural Multiplication: ,0,false
BigNatural Multiplication: ,0,false
BigNatural Multiplication: ,0,false
BigNatural Multiplication: ,0,false
BigNatural Multiplication: ,0,false
BigNatural Multiplication: ,0,false
BigNatural Multiplication: ,0,false
BigNatural Multiplication: ,0,false
BigNatural Multiplication schoolbook: ,0,true
BigNatural Multiplication schoolbook: ,0,true
BigNatural Multiplication schoolbook: ,0,true
BigNatural Multiplication schoolbook: ,0,true
BigNatural Multiplication schoolbook: ,0,true
BigNatural Multiplication schoolbook: ,0,true
BigNatural Multiplication schoolbook: ,0,true
BigNatural Multiplication schoolbook: ,0,true
BigNatural Multiplication schoolbook: ,0,true
BigNatural Multiplication schoolbook: ,0,true
BigNatural Exponentiation: ,0,true
BigNatural Exponentiation: ,0,true
BigNatural Exponentiation: ,0,true
BigNatural Exponentiation: ,0,true
BigNatural Exponentiation: ,0,true
BigNatural Exponentiation: ,0,true
BigNatural Exponentiation: ,0,true
BigNatural Exponentiation: ,0,true
BigNatural Exponentiation: ,0,true
BigNatural Exponentiation: ,0,true
BigNatural Modulo: ,0,true
BigNatural Modulo: ,0,true
BigNatural Modulo: ,0,true
BigNatural Modulo: ,0,true
BigNatural Modulo: ,0,true
BigNatural Modulo: ,0,true
BigNatural Modulo: ,0,true
BigNatural Modulo: ,0,true
BigNatural Modulo: ,0,true
BigNatural Modulo: ,0,true
BigNatural Addition (Modulo): ,0,true
BigNatural Addition (Modulo): ,0,true
BigNatural Addition (Modulo): ,0,true
BigNatural Addition (Modulo): ,0,true
BigNatural Addition (Modulo): ,0,true
BigNatural Addition (Modulo): ,0,true
BigNatural Addition (Modulo): ,0,true
BigNatural Addition (Modulo): ,0,true
BigNatural Addition (Modulo): ,0,true
BigNatural Addition (Modulo): ,0,true
BigNatural Subtraction (Modulo): ,0,true
BigNatural Subtraction (Modulo): ,0,true
BigNatural Subtraction (Modulo): ,0,true
BigNatural Subtraction (Modulo): ,0,true
BigNatural Subtraction (Modulo): ,0,true
BigNatural Subtraction (Modulo): ,0,true
BigNatural Subtraction (Modulo): ,0,true
BigNatural Subtraction (Modulo): ,0,true
BigNatural Subtraction (Modulo): ,0,true
BigNatural Subtraction (Modulo): ,0,true
BigNatural Multiplication (Modulo): ,0,true
BigNatural Multiplication (Modulo): ,0,true
BigNatural Multiplication (Modulo): ,0,true
BigNatural Multiplication (Modulo): ,0,true
BigNatural Multiplication (Modulo): ,0,true
BigNatural Multiplication (Modulo): ,0,true
BigNatural Multiplication (Modulo): ,0,true
BigNatural Multiplication (Modulo): ,0,true
BigNatural Multiplication (Modulo): ,0,true
BigNatural Multiplication (Modulo): ,0,true
BigNatural Exponentiation (Modulo): ,7,true
BigNatural Exponentiation (Modulo): ,1,true
BigNatural Exponentiation (Modulo): ,7,true
BigNatural Exponentiation (Modulo): ,0,true
BigNatural Exponentiation (Modulo): ,0,true
BigNatural Exponentiation (Modulo): ,0,true
BigNatural Exponentiation (Modulo): ,0,true
BigNatural Exponentiation (Modulo): ,0,true
BigNatural Exponentiation (Modulo): ,0,true
BigNatural Exponentiation (Modulo): ,1,true
BigNatural Power2 (Modulo): ,2,true
BigNatural Power2 (Modulo): ,0,true
BigNatural Power2 (Modulo): ,0,true
BigNatural Power2 (Modulo): ,0,true
BigNatural Power2 (Modulo): ,1,true
BigNatural Power2 (Modulo): ,0,true
BigNatural Power2 (Modulo): ,0,true
BigNatural Power2 (Modulo): ,0,true
BigNatural Power2 (Modulo): ,3,true
BigNatural Power2 (Modulo): ,0,true
BigNatural Inversion (Modulo): ,0,false
BigNatural Inversion (Modulo): ,1,false
BigNatural Inversion (Modulo): ,0,false
BigNatural Inversion (Modulo): ,0,false
BigNatural Inversion (Modulo): ,0,false
BigNatural Inversion (Modulo): ,0,false
BigNatural Inversion (Modulo): ,0,false
BigNatural Inversion (Modulo): ,0,false
BigNatural Inversion (Modulo): ,0,false
BigNatural Inversion (Modulo): ,0,false
Integer Storage: ,0,true
Integer Storage: ,0,true
Integer Storage: ,0,true
Integer Storage: ,0,true
Integer Storage: ,0,true
Integer Storage: ,0,true
Integer Storage: ,0,true
Integer Storage: ,0,true
Integer Storage: ,0,true
Integer Storage: ,0,true
Integer Addition: ,0,true
Integer Addition: ,0,true
Integer Addition: ,0,true
Integer Addition: ,0,true
Integer Addition: ,0,true
Integer Addition: ,0,true
Integer Addition: ,0,true
Integer Addition: ,0,true
Integer Addition: ,0,true
Integer Addition: ,0,true
Integer Subtraction: ,0,true
Integer Subtraction: ,0,true
Integer Subtraction: ,0,true
Integer Subtraction: ,0,true
Integer Subtraction: ,0,true
Integer Subtraction: ,0,true
Integer Subtraction: ,0,true
Integer Subtraction: ,0,true
Integer Subtraction: ,0,true
Integer Subtraction: ,0,true
Integer Multiplication: ,0,true
Integer Multiplication: ,0,true
Integer Multiplication: ,0,true
Integer Multiplication: ,0,true
Integer Multiplication: ,0,true
Integer Multiplication: ,0,true
Integer Multiplication: ,0,true
Integer Multiplication: ,0,true
Integer Multiplication: ,0,true
Integer Multiplication: ,0,true
Integer Division: ,0,true
Integer Division: ,0,true
Integer Division: ,0,true
Integer Division: ,0,true
Integer Division: ,0,true
Integer Division: ,0,true
Integer Division: ,0,true
Integer Division: ,0,true
Integer Division: ,0,true
Integer Division: ,0,true
Integer Modulo: ,0,true
Integer Modulo: ,0,true
Integer Modulo: ,0,true
Integer Modulo: ,0,true
Integer Modulo: ,6,true
Integer Modulo: ,0,true
Integer Modulo: ,0,true
Integer Modulo: ,0,true
Integer Modulo: ,0,true
Integer Modulo: ,0,true
EC Point Generation: ,24,true
EC Point Generation: ,31,true
EC Point Generation: ,23,true
EC Point Generation: ,31,true
EC Point Generation: ,23,true
EC Point Generation: ,25,true
EC Point Generation: ,22,true
EC Point Generation: ,20,true
EC Point Generation: ,23,true
EC Point Generation: ,19,true
EC Point Add: ,0,false
EC Point Add: ,1,false
EC Point Add: ,0,false
EC Point Add: ,0,false
EC Point Add: ,0,false
EC Point Add: ,0,false
EC Point Add: ,0,false
EC Point Add: ,0,false
EC Point Add: ,2,false
EC Point Add: ,0,false
ECPoint Negation: ,0,true
ECPoint Negation: ,0,true
ECPoint Negation: ,0,true
ECPoint Negation: ,0,true
ECPoint Negation: ,0,true
ECPoint Negation: ,0,true
ECPoint Negation: ,0,true
ECPoint Negation: ,0,true
ECPoint Negation: ,0,true
ECPoint Negation: ,0,true
EC scalar_Point Multiplication: ,0,false
EC scalar_Point Multiplication: ,0,false
EC scalar_Point Multiplication: ,0,false
EC scalar_Point Multiplication: ,0,false
EC scalar_Point Multiplication: ,2,false
EC scalar_Point Multiplication: ,0,false
EC scalar_Point Multiplication: ,0,false
EC scalar_Point Multiplication: ,0,false
EC scalar_Point Multiplication: ,0,false
EC scalar_Point Multiplication: ,0,false
EC isEqual: ,5,false
EC isEqual: ,0,false
EC isEqual: ,0,false
EC isEqual: ,0,false
EC isEqual: ,0,false
EC isEqual: ,0,false
EC isEqual: ,0,false
EC isEqual: ,0,false
EC isEqual: ,0,false
EC isEqual: ,0,false
EC Point Double: ,0,false
EC Point Double: ,0,false
EC Point Double: ,0,false
EC Point Double: ,0,false
EC Point Double: ,0,false
EC Point Double: ,0,false
EC Point Double: ,0,false
EC Point Double: ,0,false
EC Point Double: ,0,false
EC Point Double: ,0,false
